Position Title,Monthly Salary,ID
FOSTER GRANDPARENT,229.7,1
SENIOR COMPANION,229.7,2
TITLE V PROGRAM TRAINEE I,715.0,3
PROGRAM AIDE,780.0,4
HOSPITALITY WORKER,793.0,5
POLICE CADET,802.5,6
STUDENT INTERN - CITY CLERK,910.0,7
LIBRARY PAGE,1029.893023255814,8
CUSTODIAL WORKER - PART TIME,1122.3,9
CROSSING GUARD - PER AGREEMENT,1310.922463768116,10
STUDENT INTERN,1327.74,11
LIBRARY CLERK - HOURLY,1332.9,12
SERVICE COORD AIDE,1428.3,13
SENIOR LIBRARY CLERK - HOURLY,1462.0999999999997,14
ELDERLY AIDE III HOURLY,1566.9,15
CROSSING GUARD,1585.788383838384,16
TRAFFIC CONTROL AIDE-HOURLY,1637.8276762402088,17
CRIMES SURVEILLANCE SPECIALIST,1639.7,18
AVIATION SECURITY OFFICER - HOURLY,1843.4,19
ALDERMANIC AIDE,1861.4083333333333,20
ANIMAL CARE CLERK - HOURLY,1886.7,21
READER,1944.4,22
LAW CLERK,2030.0428571428567,23
LIBRARY ASSOCIATE - HOURLY,2050.075471698113,24
CLERK CITY COUNCIL,2078.215,25
LIBRARIAN I - HOURLY,2118.157142857143,26
POLLING PLACE INVESTIGATOR I,2505.0,27
ELECTION EQUIPMENT & SUPPLY SPEC I,2587.25,28
TRAFFIC ENFORCEMENT TECH,2645.0,29
SPECIALIST IN AGING II HOURLY,2692.7,30
CLERK - BD OF ELECTIONS,2821.586206896552,31
REPROGRAPHICS TECHNICIAN II,2841.5,32
PERSONAL CARE ATTENDANT II,3022.0,33
STUDENT INTERN - MAYOR'S FELLOWS,3033.3,34
PROCESS SERVER,3043.0,35
CUSTODIAL WORKER,3106.811818181818,36
SUPERVISING ENFORCEMENT TECH,3181.0,37
PRODUCTION ASST,3312.0,38
GENERAL LABORER - AVIATION,3390.409090909091,39
LEGISLATIVE AIDE,3473.952631578947,40
GENERAL LABORER - DSS,3491.8224852071007,41
AUDIO EQUIPMENT TECHNICIAN,3507.5,42
ADMINISTRATIVE STAFF INVESTIGATOR,3515.0,43
STOCKHANDLER,3539.25,44
COMMITTEE SECRETARY,3579.7333333333336,45
LAW LIBRARY TECHNICAL ASST,3585.0,46
SECRETARY TO CHAIRMAN II,3586.0,47
STATION LABORER,3599.138461538462,48
VEHICLE REGISTRATION COORD,3602.0,49
DISTRICT CLERK - ASPHALT,3603.6666666666665,50
OUTREACH WORKER,3605.3333333333335,51
AUDIO-VISION TESTER,3606.125,52
INQUIRY AIDE I,3615.0,53
WATCHMAN,3662.5,54
LIBRARY CLERK,3672.311111111111,55
ASST TO THE DIRECTOR - IDT,3693.0,56
CLERK II,3697.4545454545455,57
DATA ENTRY OPERATOR,3769.828571428572,58
ELECTION EQUIPMENT & SUPPLY SPEC II,3811.8,59
ADMINISTRATIVE ASST II - EXCLUDED,3856.25,60
POLLING PLACE INVESTIGATOR II,3865.6,61
PRESS AIDE I,3869.0,62
GARAGE ATTENDANT,3882.7,63
MOBILE UNIT OPERATOR,3882.7,64
SCHEDULER,3917.0,65
EXECUTIVE SECRETARY I,3926.0,66
WINDOW WASHER,3943.3,67
SENIOR CLERK-ELECTIONS,3984.052631578948,68
SUPERVISING TIMEKEEPER,3992.0,69
SUPERVISING AUDIO-VISION TESTER,3992.0,70
LEGISLATIVE BUDGET ANALYST,4000.0,71
ANIMAL CARE AIDE II,4006.571428571429,72
FOREMAN OF CUSTODIAL WORKERS,4019.175,73
STOCKHANDLER (PER AGREEMENT),4019.5,74
ADMINISTRATIVE SECRETARY,4021.62,75
HR RECORDS SPECIALIST,4026.8,76
PARKING ENFORCEMENT AIDE,4036.848214285714,77
ASST ADMINISTRATIVE SECRETARY I,4039.8333333333335,78
CLERK III,4056.32,79
FOREMAN OF WINDOW WASHERS,4080.3,80
UNIT ASST,4081.6666666666665,81
PUBLIC HEALTH AIDE,4090.722222222222,82
GARAGE ATTENDANT I/C,4104.5,83
SENIOR LIBRARY CLERK,4106.652777777777,84
INQUIRY AIDE III,4111.0,85
WARRANTY CLERK,4139.0,86
ANIMAL PLACEMENT COORD,4139.0,87
COORD-INVENTORY MGMT & PROPERY CONTROL,4139.0,88
SECRETARY TO THE CHAIRMAN,4167.0,89
PREPRESS TECHNICIAN,4180.0,90
STAFF ASST TO THE ALDERMAN,4185.673684210527,91
PERSONAL COMPUTER OPERATOR I,4215.357142857143,92
TRAFFIC CONTROL AIDE,4235.227272727273,93
COORD OF SECURITY SERVICES,4236.5,94
DISTRICT CLERK,4262.875,95
FOREMAN OF STATION LABORERS,4276.65,96
PROOFREADER - CITY CLERK,4303.8,97
PRESS AIDE II,4308.0,98
SECURITY SPECIALIST,4333.3,99
ASST PROGRAM DIR,4334.0,100
FIELD ANALYST,4334.0,101
EMERGENCY MANAGEMENT COMMUNICATIONS OFFICER,4360.0,102
ASST SUPVSR OF DATA ENTRY OPERATORS,4378.0,103
OFFSET PRESS OPERATOR,4378.0,104
BUDGET ANALYST,4413.2,105
SUPERVISING WATCHMAN,4414.8,106
PERSONAL COMPUTER OPERATOR II,4439.136363636364,107
ANIMAL CONTROL OFFICER,4471.1578947368425,108
REPROGRAPHICS TECHNICIAN III,4486.333333333333,109
FIREFIGHTER-EMT (RECRUIT),4509.5,110
FIELD SUPVSR I - PARKING ENFORCEMENT,4515.909090909091,111
INDEX EDITOR,4541.0,112
GIS ANALYST,4572.0,113
SPECIAL EVENTS COORD I,4587.0,114
SENIOR VIDEOGRAPHER,4591.0,115
COMMUNICATIONS OPERATOR I - 311,4610.525,116
DENTAL ASST,4619.0,117
CERTIFIED MEDICAL ASST,4619.333333333333,118
BUSINESS CONSULTANT,4620.833333333333,119
SENIOR DATA ENTRY OPERATOR,4626.461538461538,120
COMPUTER APPL ANALYST I-ELECTIONS,4644.0,121
ADMIN ASST II - LABORERS,4664.0,122
SENIOR STOREKEEPER,4664.0,123
PAYMENT SERVICES REPRESENTATIVE,4692.431372549019,124
PROCUREMENT CONTROL OFFICER,4706.0,125
INVESTIGATOR I - IG,4716.0,126
ASSOC CLASSIFICATION & COMP ANALYST,4720.0,127
SANITARY ENGINEER II,4782.0,128
PRINCIPAL STOREKEEPER,4782.666666666667,129
PAYMENT RECONCILER,4800.2,130
A/SUPRV REDISTRICTING,4803.5,131
REPROGRAPHICS TECHNICIAN IV,4804.0,132
SUPERVISING TRAFFIC CONTROL AIDE,4804.0,133
SENIOR STUDIO EQUIPMENT OPERATOR,4804.0,134
EXECUTIVE LEGAL SECRETARY,4804.0,135
DETENTION AIDE,4806.42718446602,136
FINGERPRINT TECHNICIAN I,4817.6,137
EEO INVESTIGATOR I,4835.75,138
WATER QUALITY INSPECTOR,4844.666666666667,139
CERTIFICATION - COMPLIANCE OFFICER,4846.777777777777,140
INVESTIGATOR,4872.707692307692,141
PARALEGAL II - LABOR,4919.0,142
COLLECTIONS REPRESENTATIVE,4921.0,143
VETERINARY ASST,4923.0,144
CUSTOMER ACCOUNT REPRESENTATIVE,4931.666666666667,145
PRINCIPAL CLERK-ELECTIONS,4938.636363636364,146
EXECUTIVE SECRETARY II,4946.5,147
COURT FILE CLERK,4950.0,148
ADMINISTRATIVE ASST III - EXCLUDED,4950.75,149
PROGRAM DEVELOPMENT COORD,4966.666666666667,150
ZONING PLAN EXAMINER,4967.285714285715,151
SR INFORMATION ANALYST-IGO,4983.0,152
MANAGER - AVIATION ID BADGING OPERATIONS,4983.0,153
PRINCIPAL PHOTOGRAPHER,4983.0,154
COORD OF ECON DEV I - PLNG & DEV,4983.0,155
CLERK IV,4988.246575342466,156
PUBLIC HEALTH NUTRITIONIST I,4998.0,157
SANITATION CLERK,5002.0,158
BRIDGE OPERATOR,5002.98,159
PROPERTY CUSTODIAN - AUTO POUND,5004.625,160
COMMUNICATIONS OPERATOR II - 311,5028.2,161
RESIDENT SERVICES COORD I,5037.5,162
HEAD LIBRARY CLERK,5062.345454545454,163
ASST SPECIALIST IN DISABILITY,5065.0,164
VOLUNTEER SERVICES COORD,5065.0,165
NUTRITION TECHNICIAN,5065.0,166
BEHAVIORAL HEALTH ASSISTANT,5069.571428571428,167
INVESTIGATOR II - IG,5074.0,168
LABORER - APPRENTICE,5074.434693877551,169
ELECTION EQUIPMENT & SUPPLY SPEC III,5099.666666666667,170
AVIATION SECURITY OFFICER,5100.893617021276,171
ADMINISTRATIVE ASST II,5107.169117647059,172
PERSONNEL ASSISTANT,5115.142857142857,173
DISPATCH CLERK,5120.0,174
CENTRAL VOUCHER COORDINATOR,5126.6,175
EXECUTIVE SECRETARY II-ELECTIONS,5127.0,176
FIRE COMMUNICATIONS OPERATOR I,5127.884375,177
ACCOUNTING TECHNICIAN I,5150.6,178
CROSSING GUARD COORD,5153.5,179
SIGN HANGER,5153.875,180
SR LEGAL PERSONAL COMPUTER OPERATOR,5154.8,181
PERSONAL COMPUTER OPERATOR III,5172.2,182
INTAKE AIDE,5187.0,183
MACHINIST - APPRENTICE,5189.6,184
HEALTH AND SAFETY ANALYST,5195.0,185
CLAIMS INVESTIGATOR,5195.0,186
SECRETARY OF COMMITTEE ON FINANCE,5195.0,187
HEAD STOREKEEPER,5196.0,188
LEAD PRESSMAN,5200.666666666667,189
ADMINISTRATIVE SUPVSR,5204.5,190
SECRETARY TO PRESIDENT PRO-TEM,5213.0,191
CLERK IV - TIMEKEEPER,5218.117647058823,192
ASST MANAGING EDITOR COUNCIL JOURNAL,5220.0,193
SPECIALIST IN AGING I,5228.0,194
TESTING ADMINISTRATOR,5247.0,195
PERFORMANCE ANALYST,5253.125,196
ANIMAL CONTROL INSPECTOR,5260.5,197
EXEC ADMINISTRATIVE ASST II,5269.666666666667,198
REPROGRAPHICS COORD,5273.0,199
WATER QUALITY INSPECTOR I/C,5273.0,200
CULTURAL AFFAIRS COORD II,5276.125,201
ASST SERGEANT AT ARMS,5284.75,202
ASSOCIATE COMPLIANCE OFFICER,5290.0,203
MANAGER OF LABORATORY SERVICES,5290.0,204
WEB AUTHOR,5293.0,205
SERVICE WRITER,5299.925925925926,206
ASST DISTRICT MANAGER-HUMAN SERVICES,5315.5,207
PARKING INVESTIGATOR,5316.0,208
SUPPORT SERVICES ASST,5316.333333333333,209
EDITORIAL ASST,5323.75,210
MEDICAL X-RAY TECHNOLOGIST,5323.75,211
ARCHIVAL SPECIALIST,5336.0,212
SENIOR PRODUCER/WRITER,5346.0,213
SPECIAL EVENTS COORD II,5346.0,214
COORD OF MAINTENANCE REPAIRS,5346.0,215
PROPERTY CUSTODIAN,5351.0,216
DOMESTIC VIOLENCE ADVOCATE,5379.571428571428,217
PUBLIC HEALTH NUTRITIONIST III,5389.714285714285,218
EXEC ADMINISTRATIVE ASST I,5392.35,219
HR GENERALIST - DHR,5396.333333333333,220
BOOTER - PARKING,5401.1,221
ASST CNCL COMM SEC,5401.5,222
LIBRARY ASSOCIATE,5402.866666666667,223
PUBLIC HEALTH NUTRITIONIST II,5407.25,224
LABORATORY TECHNICIAN III,5412.545454545455,225
TESTING SPECIALIST,5422.0,226
POLICE COMMUNICATIONS OPERATOR I,5430.678571428572,227
AVIATION COMMUNICATIONS OPERATOR,5437.585365853659,228
PHOTOGRAPHER,5452.0,229
ADMIN SERVICES OFFICER I-EXCLUDED,5457.7,230
RESIDENT SERVICES COORD II,5469.333333333333,231
STATIONARY FIREMAN,5473.9,232
LIBRARIAN I,5481.532258064516,233
STAFF ASSISTANT - EXCLUDED,5484.111111111111,234
DISABILITY SPECIALIST I,5510.0,235
ACCOUNTING TECHNICIAN II,5515.4,236
MANAGER OF DATA ENTRY OPERATORS,5517.333333333333,237
CASE MANAGER ASST,5518.833333333333,238
ELDER PROTECTIVE INVESTIGATOR I,5523.714285714285,239
PARAMEDIC,5540.430167597765,240
COORD OF PAYMENT SERVICES,5547.0,241
SENIOR PERFORMANCE ANALYST,5554.0,242
FORENSIC AUDIT INVESTIGATOR,5554.0,243
SUPERVISING PROPERTY CUSTODIAN,5557.0,244
SENIOR COMPUTER CONSOLE OPERATOR,5557.0,245
EMPLOYEE COMPENSATION TECHNICIAN III,5557.0,246
TRAINING TECHNICIAN II,5557.0,247
ANIMAL CARE AIDE I,5557.0,248
SENIOR LEGAL INVESTIGATOR,5557.0,249
SENIOR HEARING OFFICER,5558.0,250
PUBLIC RELATIONS REPRESENTATIVE I,5566.5,251
AIRPORT FACILITIES MANAGER,5577.0,252
ASST PAYROLL ADMINISTRATOR,5579.0,253
SUPVSR OF INVENTORY CONTROL I,5582.5,254
ASST SPECIALIST IN AGING,5587.294117647059,255
SUPERVISING BOOTER - PARKING,5590.0,256
ASST CORPORATION COUNSEL,5593.294573643411,257
PRINTER,5602.0,258
TELEVISION PRODUCTION SPEC,5602.0,259
SUPERVISING PHOTOGRAPHIC TECHNICIAN,5602.0,260
CHIEF STOREKEEPER,5602.0,261
ENVIRONMENTAL POLICY ANALYST,5609.0,262
POOL MOTOR TRUCK DRIVER,5614.74088748019,263
WATER CHEMIST II,5618.761904761905,264
CONSUMER INVESTIGATOR I,5622.8,265
SENIOR BUSINESS CONSULTANT,5625.142857142857,266
SUPVSR OF CHILDREN SERVICES PROGRAMS,5661.2,267
STAFF ASST,5664.850735294117,268
FINGERPRINT TECHNICIAN II,5666.5,269
SUPVSR OF ANIMAL CARE AIDES,5688.5,270
SUPVSR OF ANIMAL CONTROL OFFICERS,5699.0,271
COMMUNICABLE DISEASE CONTROL INVESTIGATOR II,5706.071428571428,272
ADMINISTRATIVE SERVICES OFFICER I,5714.64705882353,273
SUPERVISING DISEASE CONTROL INVESTIGATOR - EXCL,5725.5,274
GRAPHIC ARTIST III,5733.75,275
TIMEKEEPER - CPD,5735.685714285714,276
SHIFT SUPVSR OF AIRPORT GROUND TRANSPORTATION,5746.0,277
SENIOR PERSONNEL ASSISTANT,5748.125,278
AUDITOR I,5758.8,279
ACCOUNTANT I,5762.727272727273,280
LAMP MAINTENANCE WORKER,5765.1,281
MICROBIOLOGIST II,5782.333333333333,282
AIRPORT MAINTENANCE FOREMAN,5784.100000000001,283
AIRPORT OPERATIONS SUPVSR I,5786.107142857143,284
FIELD PAYROLL AUDITOR,5800.333333333333,285
OPERATIONS MANAGER - ANIMAL CONTROL,5807.0,286
GRAPHIC ARTS SUPVSR,5807.0,287
CHIEF INVESTIGATOR,5807.0,288
COMMUNITY ORGANIZER-CAPS,5807.05,289
INFORMATION COORD,5821.0,290
PROGRAM COORD,5824.0,291
PUBLIC VEHICLE INSPECTOR,5826.25,292
LABOR RELATIONS SUPVSR,5833.571428571428,293
ASST TO THE CITY TREASURER,5834.5,294
AUDIO-VISUAL SPECIALIST,5836.333333333333,295
SUPERVISING CLERK,5836.5,296
ACCOUNTING TECHNICIAN III,5840.166666666667,297
PORTFOLIO MANAGER,5848.5,298
EMERGENCY MANAGEMENT COORD,5865.0,299
EQUIPMENT RENTAL COORD,5865.0,300
CUSTOMER SERVICES SUPVSR,5865.0,301
CHIEF METHODS ANALYST,5865.0,302
FIELD VEHICLE INVESTIGATOR,5879.966666666666,303
YOUTH SERVICES COORD,5880.625,304
SR CERTIFICATION / COMPLIANCE OFFICER,5884.25,305
SUPERVISING TIMEKEEPER - LABORER,5885.5,306
DECK HAND,5903.7,307
PROCUREMENT SPECIALIST,5908.8,308
LEGISLATIVE ASST,5930.75,309
SANITARIAN II,5936.272727272727,310
SUPPORT SERVICES COORD,5939.117647058823,311
A/MGR WAREHOUSE-ELECTIONS,5947.0,312
SUPVR REGISTRATION-ELECTIONS,5947.0,313
LABORER,5955.881428571429,314
PUBLIC RELATIONS REPRESENTATIVE II,5957.5,315
ASST TO THE ALDERMAN,5962.085106382979,316
ASST ADMINISTRATIVE SECRETARY II,5973.125,317
ADMINISTRATIVE ASST,5985.222222222223,318
MOTOR TRUCK DRIVER,5989.6467025572,319
HELP DESK TECHNICIAN,5996.75,320
ATTORNEY (IGO),6000.0,321
PERSONAL ASSISTANT,6007.0,322
DATA BASE ANALYST,6010.0,323
POLICE COMMUNICATIONS OPERATOR II,6011.945701357466,324
PARALEGAL II,6017.322580645161,325
PUBLIC HEALTH ADMINISTRATOR I,6020.727272727273,326
WEIGHMASTER,6032.0,327
SANITATION LABORER,6032.090136986301,328
INVESTIGATOR - ETHICS,6043.0,329
ASST DIR OF NEWS AFFAIRS,6043.0,330
SUPVSR OF DATA ENTRY OPERATORS,6044.8,331
SENIOR EMERGENCY MANAGEMENT COORD,6054.727272727273,332
PROJECT COORD,6064.952380952381,333
ADMINISTRATIVE ASST III,6067.149122807017,334
CITY PLANNER II,6070.0,335
OPERATIONS ANALYST,6070.0,336
MOTOR TRUCK DRIVER - TIRE REPAIR,6071.9,337
AVIATION SECURITY SERGEANT,6079.826086956522,338
MANAGER OF MAPS AND PLATS,6085.0,339
AVIATION SAFETY DIR,6085.0,340
EQUIPMENT DISPATCHER,6085.7,341
ASST REGIONAL DIR - AGING,6087.333333333333,342
SENIOR PHOTOGRAPHIC TECHNICIAN,6100.0,343
DISPATCH CLERK I/C,6100.0,344
LICENSING COORD,6100.0,345
ENGINEERING TECHNICIAN III,6100.0,346
SAFETY SPECIALIST,6118.555555555556,347
SHIFT SUPVSR OF SECURITY COMMUNICATIONS CENTER,6127.4,348
PRINCIPAL REVENUE ANALYST,6132.0,349
ANALYST - IDT,6135.625,350
ACCIDENT ADJUSTER,6141.0,351
CHIEF CONTRACT EXPEDITER,6144.0,352
SUPERVISING VIDEOGRAPHER,6146.0,353
SUPVSR OF COST CONTROL,6146.0,354
COORD OF STUDIO OPERATIONS,6146.0,355
REPROGRAPHICS TECHNICIAN I/C,6146.0,356
SUPERVISING REHABILITATION CONSTRUCTION SPECIALIST,6146.0,357
SENIOR ZONING PLAN EXAMINER,6146.0,358
COORD OF STREET PERMITS,6146.0,359
STUDIO EQUIPMENT ENGINEER,6146.0,360
PRINCIPAL COMPUTER CONSOLE OPERATOR,6146.0,361
SUPVSR OF PAYROLLS,6146.0,362
COORD OF WAREHOUSE OPERATIONS,6146.0,363
TRAINING DIRECTOR,6147.666666666667,364
FIELD SERVICE SPECIALIST II,6151.8421052631575,365
POLICY ANALYST,6172.083333333333,366
SPECIAL EVENTS COORD III,6176.333333333333,367
SECRETARY TO CHAIRMAN I,6177.1,368
CONTRACTS REVIEW SPECIALIST II,6192.0,369
SENIOR ARCHIVAL SPECIALIST,6198.0,370
FIELD SANITATION SPECIALIST,6200.571428571428,371
TREE TRIMMER,6202.92602739726,372
FILTRATION ENGINEER II,6210.4,373
LEGISLATIVE RESEARCH ANALYST,6213.0,374
CITY PLANNER V,6221.833333333333,375
ASST TO THE DIRECTOR,6226.0,376
LEGAL SECRETARY,6229.3,377
SENIOR ENVIRONMENTAL INSPECTOR,6239.428571428572,378
SIGN PAINTER,6240.0,379
DIR OF ADMINISTRATION I,6246.5,380
SUPVR OF MAILROOM OPERATIONS,6249.0,381
CHIEF PLANNING ANALYST,6254.25,382
HUMAN SERVICE SPECIALIST II,6271.84,383
SUPERVISING BRIDGE OPERATOR,6273.666666666667,384
SUPERVISING INVESTIGATOR,6275.0,385
WARRANT AND EXTRADITION AIDE,6282.4,386
PUBLIC RELATIONS REPRESENTATIVE III,6288.166666666667,387
ELECTRONICS TECHNICIAN,6289.8,388
CONSUMER INVESTIGATOR II,6290.214285714285,389
REVENUE INVESTIGATOR II,6295.058823529412,390
EQUIPMENT DISPATCHER I/C,6295.5,391
SENIOR HELP DESK TECHNICIAN,6301.8,392
SUPVSR OF VOUCHER AUDITING,6304.0,393
RISK ANALYST,6304.0,394
FOREMAN OF MOTOR TRUCK DRIVERS,6311.099999999999,395
EQUIPMENT TRAINING SPECIALIST / MTD,6328.0,396
ATTORNEY,6341.133333333333,397
OFFICE ADMINISTRATOR,6365.0,398
DIR / COMMUNITY LIAISON,6365.666666666667,399
REVENUE INVESTIGATOR I,6368.666666666667,400
CONTRACTS COMPLIANCE COORD,6368.75,401
SUPERINTENDENT OF SPECIAL TRAFFIC SERVICES,6368.75,402
ENGINEERING TECHNICIAN IV,6369.818181818182,403
ASST TO THE EXEC DIR,6373.5,404
DIR OF ENVIRONMENTAL SERVICES,6376.0,405
DIR OF MEDICAL X-RAY SERVICES,6376.0,406
PUBLIC INFORMATION OFFICER,6388.0,407
TRAINING AGENT I - PER AGREEMENT,6389.1,408
CHIEF VOUCHER EXPEDITER,6391.25,409
HUMAN RELATIONS SPECIALIST II,6397.0,410
LIBRARIAN II,6399.303571428572,411
PRINCIPAL OPERATIONS ANALYST,6402.0,412
PROGRAM AUDITOR I,6404.0,413
SPECIALIST IN AGING II,6406.0,414
CURATOR OF EXHIBITS,6440.0,415
CASE ANALYST - LAW,6440.0,416
SENIOR RISK ANALYST,6440.0,417
SUPVSR OF INFORMATION SERVICES,6440.0,418
ASST COORD OF COLLECTION MANAGEMENT,6440.0,419
OPERATIONS MANAGER-AIRPORT PARKING,6444.5,420
INFORMATION SERVICES COORD,6447.4,421
SUPERVISING ENVIRONMENTAL INSPECTOR,6465.0,422
ASPHALT LABORER,6468.19906542056,423
SUPERVISING CONSUMER INVESTIGATOR,6470.666666666667,424
PROGRAM AUDITOR II,6478.2307692307695,425
CONCRETE LABORER,6492.602597402597,426
ACCOUNTANT II,6501.9473684210525,427
SUPVSR OF FAMILY SUPPORT PROGRAMS,6518.333333333333,428
SENIOR PUBLIC VEHICLE INSPECTOR,6553.0,429
ENVIRONMENTAL INVESTIGATOR,6553.0,430
STORES LABORER,6586.7,431
LABORER - PARKING OPERATIONS,6586.7,432
EMERGENCY CREW DISPATCHER,6586.7,433
CONSTRUCTION LABORER,6586.7,434
DISPATCHER - ASPHALT,6586.7,435
SHOP LABORER,6586.7,436
LABORER (BUREAU OF ELECTRICITY),6586.7,437
CRIMINAL HISTORY ANALYST,6592.875,438
PUBLIC HEALTH ADMINISTRATOR III,6593.333333333333,439
ASPHALT SMOOTHER,6598.8,440
TRAINING & DEVELOPMENT ANALYST,6601.75,441
SUPERVISING ZONING PLAN EXAMINER,6605.5,442
FORENSIC DATA ANALYST,6610.0,443
RECRUITER,6614.615384615385,444
WEB DEVELOPER,6622.0,445
MANAGER OF REVENUE COLLECTIONS,6631.0,446
SUPERVISING WATCHMAN - AGREEMENT,6635.2,447
ADMINISTRATIVE SERVICES OFFICER II,6649.121212121212,448
COORD OF COMMUNITY SERVICES,6662.333333333333,449
ASST TO THE COMMISSIONER,6668.64,450
WATER METER MACHINIST,6673.3,451
ELDER PROTECTIVE INVESTIGATOR III,6688.0,452
CHIEF RESEARCH ANALYST,6688.0,453
SR LABOR RELATIONS SPECIALIST,6688.0,454
FISCAL POLICY ANALYST,6688.0,455
SENIOR BUDGET ANALYST,6688.0,456
REGIONAL NUTRITION COORD,6688.0,457
SPECIALIST IN AGING III,6688.0,458
FINANCIAL ANALYST,6691.25,459
LOAN PROCESSING SPECIALIST,6694.0,460
TELECOMMUNICATIONS SPECIALIST,6694.0,461
LEASING AGENT II,6694.0,462
CONTRACTS DEVELOPMENT SPECIALIST,6694.0,463
DATA SERVICES ADMINISTRATOR,6699.5,464
SUPVSR OF 311 OPERATIONS,6701.142857142857,465
MANAGER OF BUILDINGS SERVICES,6701.285714285715,466
DISABILITY SPECIALIST II,6702.0,467
SENIOR RESEARCH ANALYST,6702.0,468
COORD OF ECON DEV II - PLNG & DEV,6709.35,469
SUPVSR OF PERSONNEL ADMINISTRATION,6713.25,470
ASST DIVISION SUPERINTENDENT,6714.875,471
CONSTRUCTION LABORER (SUB-FOREMAN),6725.3,472
REGIONAL DIR - AGING,6726.333333333333,473
DIR OF MONITORING SERVICES,6742.0,474
FOREMAN OF LABORERS,6742.7,475
ASPHALT FOREMAN,6742.7,476
DIR OF LICENSE ADMINISTRATION,6743.0,477
SUPERVISING PROGRAM AUDITOR,6743.0,478
ASST MANAGER OF POLICE PAYROLLS,6743.0,479
CHIEF SANITARIAN,6743.0,480
MANAGER - ZONING BD OF APPEALS,6743.0,481
HATE CRIME VICTIM ADVOCATE,6743.0,482
ASST SUPVSR OF POLICE RECORDS,6743.0,483
COMPUTER APPL ANALYST II-ELECTIONS,6744.333333333333,484
PUBLIC HEALTH ADMINISTRATOR II,6748.625,485
SR PROCUREMENT SPECIALIST,6757.0,486
TRAFFIC MAINTENANCE SUPVSR,6759.0,487
DIR OF ADMINISTRATION II,6777.0,488
FOREMAN OF PIPE / SALVAGE YARDS,6777.3,489
FOREMAN OF CONSTRUCTION LABORERS,6777.300000000001,490
DISTRICT ASPHALT SUPVSR,6792.9,491
ASST CITY TREASURER,6806.666666666667,492
POLICE OFFICER,6810.929497312678,493
FINANCE OFFICER,6815.916666666667,494
SUPVR OF POLLING-ELECTIONS,6816.0,495
WAREHOUSE SUPERVISOR-ELECTIONS,6816.0,496
PROGRAM DIR,6827.269230769231,497
PUBLIC RELATIONS COORD,6850.333333333333,498
INVESTIGATOR - IPRA II,6868.206896551724,499
SAFETY ADMINISTRATOR,6875.666666666667,500
SENIOR FISCAL POLICY ANALYST,6877.0,501
INVESTIGATOR III - IG,6880.25,502
SPONSORSHIP COORDINATOR,6880.333333333333,503
WATER RATE TAKER,6899.647826086956,504
PROGRAM DIR - CULTURAL AFFAIRS,6901.857142857143,505
HELP DESK SUPERVISOR - EXCLUDED,6904.0,506
SENIOR PUBLIC INFORMATION OFFICER,6904.0,507
REGIONAL COMMUNICABLE DISEASE INVESTIGATOR,6910.333333333333,508
SHIFT SUPVSR OF AVIATION SECURITY,6914.933333333333,509
FIREFIGHTER,6917.507731958763,510
COORD OF SPECIAL PROJECTS,6921.35,511
SUPERVISING SANITARIAN,6925.125,512
GLAZIER,6933.3,513
PRINCIPAL BUDGET ANALYST,6936.0,514
ENVIRONMENTAL ENGINEER I,6938.0,515
SUPVSR OF GRANTS ADMINISTRATION,6952.0,516
SUPERVISING PARALEGAL,6962.888888888889,517
SUPVSR OF TAX AND LICENSE COMPLIANCE,6963.0,518
ASST BUDGET DIR,6963.25,519
FINANCIAL PLANNING ANALYST,6973.210526315789,520
AIRPORT MANAGER - MIDWAY,6979.5,521
AUTO POUND SUPVSR,6996.777777777777,522
HEALTH CODE ENFORCEMENT INSPECTION ANALYST,7006.0,523
FOREMAN OF SIGN SHOP,7006.1,524
SENIOR TELECOMMUNICATIONS SPECIALIST,7015.2,525
SUPVSR OF PAYMENT CENTER,7026.166666666667,526
LIBRARIAN III,7039.907692307693,527
ADMINISTRATIVE ASST - O'HARE,7065.0,528
LEGAL COUNSEL - BOARD OF ETHICS,7065.0,529
CHIEF LEASING AGENT,7065.0,530
ASST ADMINISTRATIVE SECRETARY III,7068.833333333333,531
PARKING REVENUE SECURITY SUPVSR,7069.666666666667,532
SUPVSR OF FIELD VEHICLE INVESTIGATORS,7074.0,533
SENIOR AIR MASK TECHNICIAN,7080.25,534
FIELD SERVICE SPECIALIST III,7082.333333333333,535
WATER METER ASSESSOR,7090.2,536
ACCOUNTANT III,7091.344827586207,537
COORD OF RESEARCH AND EVALUATION,7096.0,538
TRAINING OFFICER,7098.0,539
SENIOR AUTOMOTIVE EQUIPMENT ANALYST,7115.0,540
ADMINISTRATIVE MANAGER,7116.6,541
PUBLIC HEALTH NURSE III - EXCLUDED,7131.0,542
ADMINISTRATIVE ASST - OFFICE ADMINISTRATOR,7133.0,543
FINGERPRINT TECHNICIAN III,7145.8,544
REHABILITATION CONSTRUCTION SPECIALIST,7150.333333333333,545
SUPVSR OF PERSONNEL SERVICES,7154.0,546
PROGRAM ANALYST,7155.0,547
MANAGER OF AUDIT AND FINANCE,7156.0,548
MANAGER OF QUALITY ASSURANCE,7156.0,549
MANAGER OF CERTIFICATION / COMPLIANCE,7156.0,550
OCCUPATIONAL HEALTH NURSE,7177.0,551
CREATIVE DIR,7181.666666666667,552
AUDITOR II,7184.083333333333,553
SENIOR LAND DISPOSITION OFFICER,7194.5,554
SHEET METAL WORKER,7198.5,555
SOCIAL WORKER III,7225.4,556
BRICKLAYER,7226.75,557
BUSINESS CONSULTANT SUPERVISOR,7227.0,558
SUPERVISING BUDGET ANALYST,7228.0,559
GIS MANAGER,7228.0,560
AREA COORD - CAPS,7233.0,561
AUTOMOTIVE PAINTER,7236.7,562
PROGRAMMER/ANALYST,7243.5,563
FORESTRY SUPVSR,7246.25,564
SECRETARY TO CITY CLERK,7248.0,565
SUPERVISING DISEASE CONTROL INVESTIGATOR,7252.0,566
CHIEF MICROBIOLOGIST,7253.0,567
FIREFIGHTER/PARAMEDIC,7256.5,568
PAINTER,7277.213432835821,569
ASST DIR,7285.666666666667,570
FIRE MARSHAL,7289.4,571
CHIEF LANDSCAPE ARCHITECT,7300.0,572
BENEFITS CLAIMS SUPVSR,7300.0,573
SUPERVISOR OF EMPLOYEE REFERRAL SERVICES,7305.0,574
CLASSIFICATION & COMPENSATION ANALYST,7305.0,575
WATER CHEMIST III,7326.0,576
SENIOR LANDSCAPE ARCHITECT,7326.0,577
CITY PLANNER IV,7326.0,578
HUMAN RELATIONS INVESTIGATOR II,7326.0,579
PROGRAMMER/ANALYST PER AGRMNT,7326.0,580
CIVIL ENGINEER II,7326.0,581
MICROBIOLOGIST III,7326.0,582
SENIOR CITY FORESTER,7326.0,583
SENIOR OPERATIONS ANALYST,7326.0,584
PRINCIPAL SYSTEMS PROGRAMMER,7330.0,585
SANITARY ENGINEER III,7330.0,586
DIR OF PROGRAM OPERATIONS,7335.0,587
FIREFIGHTER-EMT,7337.655331654072,588
TECHNICAL TRAINING SPECIALIST,7343.0,589
SUPVSR OF LICENSE ISSUANCE,7343.0,590
COMMUNITY SERVICES REPRESENTATIVE,7343.0,591
COORD OF GRANTS MANAGEMENT,7343.0,592
AIRPORT MANAGER - O'HARE,7343.5,593
GENERAL FOREMAN OF LABORERS-CURB AND GUTTER,7347.6,594
GENERAL FOREMAN OF LABORERS,7347.6,595
GENERAL FOREMAN OF CONSTRUCTION LABORERS,7347.600000000001,596
ASST DIRECTOR OF CHILDREN SERVICES,7354.666666666667,597
CONTRACTS COORD,7362.1,598
DISTRICT MANAGER - HUMAN SERVICES,7374.0,599
SEWER BRICKLAYER,7380.5,600
CIVIL ENGINEER III,7383.555555555556,601
REFUSE COLLECTION COORD,7393.551020408163,602
DIR OF PURCHASE CONTRACT ADMINISTRATION,7401.0,603
CONTRACTS NEGOTIATOR,7401.0,604
SUPVSR OF COMPENSATION,7401.0,605
INVESTIGATOR SPECIALIST,7401.0,606
MANAGER OF POLICE PERSONNEL,7401.0,607
DIR OF FIELD OPERATIONS,7401.0,608
DIR OF LICENSE ISSUANCE,7401.0,609
WARD SUPERINTENDENT,7403.895833333333,610
CHIEF OPERATIONS ANALYST,7428.0,611
DIR OF PUBLIC AFFAIRS,7443.692307692308,612
DIR OF NUTRITION,7447.0,613
WEB DEVELOPER/ADMINTR-CPL,7447.0,614
MANAGER OF VEHICLE ADJUSTMENTS,7447.0,615
BRIDGE AND STRUCTURAL IRON WORKER,7453.3,616
COORDINATING PLANNER,7457.478260869565,617
CLINICAL THERAPIST III,7461.32,618
POLICE OFFICER / FLD TRNG OFFICER,7477.810185185185,619
CEMENT FINISHER,7481.88064516129,620
FIRE COMMUNICATIONS OPERATOR II,7497.588235294118,621
PROJECTS ADMINISTRATOR,7499.395833333333,622
DISABILITY OFFICER,7500.0,623
EQUAL EMPLOYMENT OPPORTUNITY OFFICER,7500.0,624
PARAMEDIC I/C,7508.716599190283,625
CARPENTER,7514.0,626
DIR OF LOAN PROCESSING,7518.0,627
COORDINATOR SPECIAL PROJECTS/BLDG,7519.0,628
DIR OF PUBLIC INFORMATION,7520.0,629
SR SUPERVISOR-ELECTIONS,7522.6,630
DIRECTOR ELECTION INVESTIGATION/SECURITY,7530.0,631
BOILER MAKER WELDER,7536.5,632
BLACKSMITH,7540.835000000001,633
GIS DATA BASE ANALYST,7558.0,634
DEVELOPMENT DIR,7558.0,635
MANAGER OF VEHICLE MAINTENANCE,7560.545454545455,636
DIR OF HUMAN RIGHTS COMPLIANCE,7569.5,637
DIR OF PLANNING RESEARCH AND DEVELOPMENT,7574.5,638
MGR OF EMERGENCY MANAGEMENT SERVICES,7576.5,639
CHIEF WATER CHEMIST,7579.0,640
POLICE OFFICER (ASGND AS MOUNTED PATROL OFFICER),7582.704545454545,641
ASST PRESS SECRETARY,7585.4,642
SUPVSR OF ACCOUNTING,7593.666666666667,643
POLICE TECHNICIAN,7598.884615384615,644
FIRE MARSHAL-EMT,7601.475,645
SUPVSR OF PUBLIC VEHICLE INSPECTORS,7603.5,646
EPIDEMIOLOGIST II,7604.461538461538,647
CHIEF OF HIRING OVERSIGHT,7605.0,648
CHIEF PERFORMANCE ANALYST,7605.0,649
CHIEF INVESTIGATOR (IG),7605.0,650
DIR OF SECURITY,7606.333333333333,651
ARCHITECTURAL IRON WORKER,7609.3,652
GENERAL SHOP FOREMAN,7615.0,653
ENGINEERING TECHNICIAN V,7615.25,654
PRINCIPAL PROGRAMMER/ANALYST,7623.3,655
ELECTRICAL MECHANIC-AUTO-POLICE MTR MNT,7626.699999999999,656
ELECTRICAL MECHANIC (AUTOMOTIVE),7626.7,657
ELECTRICAL MECHANIC,7626.7,658
ASST BENEFITS MANAGER,7638.0,659
PROGRAM COORD - SPECIAL EVENTS,7646.5,660
MANAGER OF CUSTOMER  SERVICES,7652.0,661
SENIOR ADMINISTRATIVE LAW OFFICER,7665.0,662
POLICE OFFICER(ASGND AS LATENT PRINT EX),7671.272727272727,663
ASST SUPT OF WATER METERS,7672.0,664
MACHINIST,7687.299999999999,665
HELICOPTER MECHANIC,7687.3,666
MACHINIST (AUTOMOTIVE),7687.300000000001,667
PROJECT MANAGER - DOIT,7700.75,668
PROGRAM AUDITOR III,7708.777777777777,669
POLICE OFFICER (ASSIGNED AS EVIDENCE TECHNICIAN),7709.765625,670
AIRPORT OPERATIONS SUPVSR II,7713.428571428572,671
SUPERVISING POLICE COMMUNICATIONS OPERATOR,7717.0,672
LIBRARIAN IV,7731.1875,673
COORD OF TUGBOAT OPERATIONS,7749.0,674
MGR OF FOOD PROTECTION SERVICES,7749.0,675
MANAGER OF FAMIILY SUPPORT PROGRAMS,7750.0,676
DIR OF ENVIRONMENTAL INSPECTIONS,7752.0,677
DIR OF CHILDREN SERVICES,7752.0,678
SUPERINTENDENT OF PAVEMENT REPAIRS,7752.0,679
CHIEF AUTO POUND SUPVSR,7752.0,680
POLICE OFFICER/EXPLSV DETECT K9 HNDLR,7754.511627906977,681
POLICE OFFICER (ASGND AS MARINE OFFICER),7755.267857142857,682
ASST PROCUREMENT OFFICER,7758.6,683
COORD OF ECONOMIC DEVELOPMENT,7769.0,684
GRANTS RESEARCH SPECIALIST,7769.375,685
VENTILATION AND FURNACE INSPECTOR,7774.0,686
FOREMAN OF SHEET METAL WORKERS,7774.0,687
SUPVSR OF CONTRACTS,7780.0,688
ARCHITECT III,7784.5,689
ASST MANAGER OF ADMINISTRATIVE ADJUDICATION,7786.0,690
POLICE OFFICER (ASSIGNED AS TRAFFIC SPECIALIST),7790.214285714285,691
DIR OF ADMINISTRATIVE SERVICES,7792.0,692
DIR OF HOMELESS PREVENTION-POLICY & PLANNING,7792.0,693
FOREMAN OF BRIDGE AND STRUCTURAL IRON WORKERS,7800.0,694
IRON INSPECTOR,7800.0,695
CONTRACTS COORD - B OF E,7808.0,696
PRINCIPAL DATA BASE ANALYST,7811.6,697
OPERATING ENGINEER-GROUP C,7812.099999999999,698
FISCAL ADMINISTRATOR,7816.25,699
FOREMAN OF CEMENT FINISHERS,7817.3,700
PUBLIC HEALTH NURSE I,7818.0,701
TESTING MANAGER,7826.0,702
SUPERVISING VENTILATION AND FURNACE INSPECTOR,7846.8,703
GENERAL FOREMAN OF SHEET METAL WORKERS,7846.8,704
POLICE OFFICER (ASSIGNED AS CANINE HANDLER),7852.46875,705
BUILDING/CONSTRUCTION INSPECTOR,7854.35,706
CHIEF DISPATCHER,7854.5,707
CONTRACTS ADMINISTRATOR,7855.0,708
AUDITOR III,7863.928571428572,709
SUBPOENA OFFICER,7875.5,710
PROJECT MANAGER,7876.5,711
ACCOUNTANT IV,7899.7,712
POLICE AGENT,7905.4375,713
A/MGR OF MIS-ELECTIONS,7911.0,714
DIR OF GRANTS MANAGEMENT,7917.0,715
CONSTRUCTION COORD,7935.0,716
ENVIRONMENTAL ENGINEER III,7943.5,717
SUPERVISING INVESTIGATOR - IPRA,7947.1,718
FOREMAN OF CARPENTERS,7947.3,719
DIR OF HUMAN SERVICES,7953.0,720
STEAMFITTER,7973.3,721
SUPERVISING ENVIRONMENTAL ENGINEER,7986.0,722
MECHANICAL ENGINEER III,7990.0,723
CRIMINALIST III,7990.0,724
MICROBIOLOGIST IV,7990.0,725
WATER CHEMIST IV,7990.0,726
ELECTRICAL INSPECTOR,7990.0,727
HUMAN RELATIONS INVESTIGATOR III,7990.0,728
FILTRATION ENGINEER III,7990.0,729
ENVIRONMENTAL ENGINEER II,7990.0,730
TRAFFIC SIGNAL REPAIRMAN,7990.699999999999,731
LOAD DISPATCHER,7990.7,732
STREET LIGHT REPAIR WORKER,7990.7,733
LINEMAN,7990.700000000001,734
SPECIAL ASST,8003.5,735
EPIDEMIOLOGIST IV,8003.75,736
POLICE OFFICER (ASSIGNED AS DETECTIVE),8023.3125,737
ASST GENERAL SUPT OF STREETS AND SANITATION,8028.857142857143,738
TRAFFIC ENGINEER IV,8030.666666666667,739
FIRE ENGINEER,8032.683870967742,740
SENIOR PROGRAMMER/ANALYST,8051.2,741
FIREFIGHTER (PER ARBITRATORS AWARD),8053.133333333333,742
INVESTIGATOR - IPRA I,8056.0,743
SUPVSR OF CUSTOMER ACCOUNTS,8056.0,744
EMPLOYABILITY REVIEW SPECIALIST III,8056.0,745
SUPVSR OF AUDITING,8058.0,746
CHIEF REVENUE ANALYST,8064.0,747
SERGEANT AT ARMS,8085.0,748
CAULKER,8086.0,749
PLUMBER,8086.0,750
POLICE OFFICER (PER ARBITRATION AWARD),8087.0,751
ASSISTANT DIRECTOR OF FINANCE,8089.4,752
DISTRICT SUPVSR - GRAFFITI REMOVAL SERVICES,8112.4,753
CHIEF LAW LIBRARIAN,8118.0,754
MANAGER OF WAREHOUSE OPERATIONS,8118.0,755
DIR OF COLLECTION PROCESSING,8118.0,756
FOREMAN OF BRICKLAYERS,8118.899999999999,757
FOREMAN OF SEWER BRICKLAYERS,8118.899999999999,758
MASON INSPECTOR,8118.9,759
FOREMAN OF MACHINISTS,8120.7,760
FRM OF MACHINISTS - AUTOMOTIVE,8120.7,761
DIR OF PERSONNEL POLICIES AND UTILIZATION,8128.5,762
PAYROLL ADMINISTRATOR,8130.8,763
SUPERVISING AIR MASK TECHNICIAN,8133.0,764
ZONING INVESTIGATOR,8133.0,765
HOISTING ENGINEER,8137.459192825112,766
FOREMAN OF PAINTERS,8141.5,767
EXECUTIVE DIR - POLICE BOARD,8144.0,768
MANAGER OF POLICE PAYROLLS,8144.0,769
DIR OF RESEARCH AND PLANNING,8144.0,770
CAPS COORDINATOR,8144.0,771
SUPERVISING ARCHITECT,8144.0,772
COOLING PLANT INSPECTOR,8146.7,773
FOREMAN OF ELECTRICAL MECHANICS,8146.7,774
FRM OF ELECTRICAL MECHANICS (AUTO),8146.7,775
SUPERINTENDENT OF ELECTRICAL OPERATIONS,8167.0,776
ASST COMMISSIONER,8167.745762711865,777
DIR OF MENTAL HEALTH CENTER,8185.666666666667,778
GENERAL FOREMAN OF CARPENTERS,8207.3,779
PUBLIC HEALTH NURSE II,8208.894736842105,780
BOILER INSPECTOR,8214.3,781
FOREMAN OF ARCHITECTURAL IRON WORKERS,8216.0,782
OPERATING ENGINEER-GROUP A,8222.9,783
SENIOR POLICY ANALYST,8226.0,784
REGIONAL LIBRARY DIRECTOR,8259.0,785
HOUSE DRAIN INSPECTOR,8271.0,786
PLUMBING INSPECTOR,8271.0,787
MANAGER OF 311 OPERATIONS,8279.0,788
ARCHITECT IV,8279.714285714286,789
DIR OF FACILITIES MANAGEMENT,8285.5,790
ASST INSPECTOR GENERAL,8286.0,791
PUBLIC HEALTH NURSE III,8292.5,792
ASST DIR OF INFORMATION SYSTEMS,8293.0,793
GENERAL FOREMAN OF MACHINISTS,8294.0,794
COMMUNICATIONS OPERATIONS MANAGER,8295.0,795
MGR OF GRAPHICS & REPRODUCTION CTR,8308.0,796
MANAGER OF TAX POLICY,8308.0,797
NEIGHBORHOOD HEALTH CENTER ADMINISTRATOR II,8308.0,798
A/MGR COM SVC-ELECTIONS,8318.0,799
SUPERVISING COOLING PLANT INSPECTOR,8320.0,800
ASST CORPORATION COUNSEL SUPVSR,8322.871794871795,801
ENGINEERING TECHNICIAN VI,8325.5,802
ASST PROJECT DIR,8331.0,803
ASST COMPTROLLER,8332.166666666666,804
LIBRARY DIVISION CHIEF,8340.0,805
CIVIL ENGINEER IV,8343.0,806
MANAGER OF FINANCE,8347.666666666666,807
DENTIST,8362.9,808
SUPVSR OF ELECTRICAL INSPECTORS,8364.0,809
TRAFFIC ENGINEER V,8385.0,810
FORENSIC FIREARM/EVIDENCE IDENT TECH,8391.0,811
MECHANICAL ENGINEER V,8391.0,812
PROGRAM DIRECTOR SPECIAL EVENTS,8392.166666666666,813
ASBESTOS WORKER,8398.0,814
DIVISION SUPERINTENDENT,8405.888888888889,815
PSYCHOLOGIST,8409.625,816
FIRE ENGINEER-EMT,8410.789752650177,817
MANAGER OF COMPLIANCE ANALYSIS,8417.0,818
FOREMAN OF PLUMBERS,8432.7,819
FOREMAN OF WATER PIPE CONSTRUCTION,8432.7,820
FOREMAN OF SEWER CLEANING,8432.7,821
PIPE LOCATING MACHINE OPERATOR,8432.7,822
CHIEF BUILDING/CONSTRUCT INSPECTOR,8433.0,823
SUPERVISING ENGINEER,8435.0,824
PLUMBING INSPECTOR I/C,8441.0,825
SUPERVISING BOILER INSPECTOR,8441.3,826
PR TELECOMMUNICATIONS SPECIALIST,8449.0,827
MARINE PILOT - FIRE BOAT,8460.5,828
MARINE PILOT,8462.1,829
MARINE ENGINEER,8462.1,830
DIRECTOR OF INTERNAL AUDIT,8475.0,831
ASST DIR OF CONSERVATION INSPECTIONS,8475.0,832
ASST DIR OF PERSONNEL SERVICES,8475.0,833
WATER CONSERVATION ENGINEER,8475.0,834
FOREMAN OF STEAMFITTERS,8493.3,835
FIREFIGHTER (PER ARBITRATORS AWARD)-PARAMEDIC,8495.068345323742,836
PARAMEDIC I/C (ASSIGNED AS TRAINING INSTRUCTOR),8501.25,837
COORDINATING ARCHITECT I,8502.0,838
ECONOMIC DEVELOPMENT COORD,8504.5,839
DEPUTY MANAGING EDITOR COUNCIL JOURNAL,8505.0,840
CHIEF CONSUMER SERVICE INVESTIGATOR,8505.0,841
STATION MANAGER,8505.0,842
ASST MANAGER OF AUDIT AND FINANCE,8505.0,843
STUDIO EQUIPMENT MANAGER,8505.0,844
PURCHASING MANAGER,8505.0,845
MANAGER OF SECURITY COMMUNICATIONS CENTER,8510.0,846
COORDINATING PLANNER II,8510.6,847
CHIEF AIRPORT OPERATIONS SUPVSR,8522.0,848
SPRINKLER FITTER,8528.0,849
DIR OF ACCOUNTING,8547.0,850
SUPVSR OF LOT CLEANING SERVICES,8548.0,851
FIRE ENGINEER-PARAMEDIC,8555.464285714286,852
MANAGER OF PARKING,8559.0,853
PUBLIC HEALTH NURSE IV,8594.2,854
DIR OF MAINTENANCE OPERATIONS,8605.5,855
ASST DISTRICT SUPERINTENDENT,8606.0,856
GENERAL FOREMAN OF PLUMBERS,8606.0,857
EXECUTIVE ASST,8636.4,858
POLICE LEGAL OFFICER I,8637.5,859
CHIEF CONSTRUCTION EQUIPMENT INSPECTOR,8645.0,860
DIR OF ENVIR HEALTH & SAFETY COMPLIANCE,8645.0,861
DIR OF EMS COMPLIANCE,8645.0,862
CHIEF FIRE PREVENTION ENGINEER,8645.0,863
COORDINATING ARCHITECT II,8645.0,864
DIR OF ADMINISTRATION,8654.142857142857,865
POLICE OFFICER (ASSIGNED AS SECURITY SPECIALIST),8656.233333333334,866
GENERAL FOREMAN OF ELECTRICAL MECHANICS,8666.7,867
DIR OF INFORMATION SYSTEMS,8676.4,868
HOISTING ENGINEER - MECHANIC,8684.0,869
DIRECTOR OF FINANCE,8686.4,870
PROJECT MANAGER - BUILDINGS,8728.0,871
MECHANICAL ENGINEER IV,8728.0,872
FIRE PREVENTION ENGINEER,8728.0,873
SANITARY ENGINEER IV,8728.0,874
SENIOR DATA BASE ANALYST,8728.0,875
STRUCTURAL ENGINEER,8728.0,876
SENIOR SYSTEMS PROGRAMMER,8728.0,877
SR DATA BASE ANALYST - PER AGRMT,8728.0,878
ELECTRICAL ENGINEER IV,8728.0,879
FILTRATION ENGINEER IV,8728.0,880
SR PROGRAMMER/ANALYST PER AGRMNT,8728.0,881
DIR OF LIBRARY - PROGRAMS AND EXHIBITS,8754.0,882
COORDINATING ENGINEER I,8779.833333333334,883
INVESTIGATOR - IPRA III,8788.833333333334,884
DIR OF WATER PURIFICATION LABORATORIES,8819.0,885
CHIEF ASST INSPECTOR GENERAL,8819.0,886
DEPUTY CITY TREASURER,8827.666666666666,887
SERGEANT,8828.986818980668,888
PROGRAM COORD - DISABILITY SERVICES,8842.0,889
FINGERPRINT TECHNICIAN IV,8842.0,890
DIR OF PROJECT DEVELOPMENT,8854.0,891
FOREMAN OF TRAFFIC SIGNAL REPAIRMEN,8857.3,892
FOREMAN OF LINEMEN,8857.3,893
CONSTRUCTION EQUIPMENT INSPECTOR,8857.3,894
SUPERVISING FIRE COMMUNICATIONS OPERATOR,8857.3,895
FOREMAN OF STREET LIGHT REPAIRMEN,8857.3,896
FOREMAN OF HOISTING ENGINEERS,8857.3,897
GENERAL MANAGER OF GROUNDS AND TERMINAL FACILITIES,8907.0,898
ASST DIR OF BUILDINGS MANAGEMENT,8907.0,899
FINANCIAL OFFICER,8907.0,900
MANAGER-O'HARE MAINTENANCE CONTROL CENTER,8907.0,901
POLICE OFFICER(ASGND AS SUPVG LATENT PRINT EX),8910.0,902
FIELD SUPVSR,8920.25,903
SUPVSR OF WATER RATE TAKERS,8927.0,904
CLAIMS MANAGER,8933.0,905
EPIDEMIOLOGIST III,8961.4,906
POLICE FORENSIC INVESTIGATOR I,8965.90909090909,907
GENERAL FOREMAN OF HOISTING ENGINEERS,8987.3,908
CHIEF SYSTEMS PROGRAMMER,8996.0,909
FIELD SERVICES DIR,8996.0,910
MANAGING ENGINEER - WATER MANAGEMENT,8996.0,911
MANAGER-FLEET SERVICES & AUTO PROCUREMENT,8996.0,912
GENERAL MANAGER OF AIRPORT OPERATIONS,9021.666666666666,913
DIR OF NEWS AFFAIRS,9025.5,914
EXPLOSIVES TECHNICIAN I,9026.333333333334,915
DIR OF LIBRARY PERSONNEL,9037.0,916
CHIEF PROGRAMMER/ANALYST,9038.25,917
ASST CHIEF OPERATING ENGINEER,9044.5,918
GENERAL FOREMAN OF PAINTERS,9046.3,919
ASST CHIEF AIRPORT OPERATIONS SUPVSR,9081.666666666666,920
MANAGER OF REGULATORY REVIEW,9086.0,921
CHIEF BOILER INSPECTOR,9089.6,922
DEPUTY BUDGET DIR,9091.0,923
DIR OF ATTY RECRUITMENT & PROF DEV,9144.0,924
CHIEF FILTRATION ENGINEER,9155.0,925
GENERAL FOREMAN OF GENERAL TRADES,9160.7,926
DIR OF LABOR RELATIONS,9167.0,927
ASST ZONING ADMINISTRATOR,9170.0,928
BENEFITS MANAGER,9176.0,929
RISK MANAGER,9176.0,930
PROJECT DIR,9184.0,931
ENGINEER OF ELECTRIC PUMPING STATIONS,9196.0,932
CHIEF DATA BASE ANALYST,9196.0,933
IT DIRECTOR (DoIT),9207.545454545454,934
GENERAL SUPT OF STREETS AND SANITATION,9265.0,935
DIR OF EPIDEMIOLOGY,9268.0,936
WATER QUALITY MANAGER,9268.0,937
MANAGER OF AUDITING,9294.5,938
CIVIL ENGINEER V,9324.142857142857,939
CHIEF ZONING PLAN EXAMINER,9333.0,940
DIR OF CONSERVATION INSPECTIONS,9333.0,941
MANAGING EDITOR COUNCIL JOURNAL,9333.0,942
DIR OF POLICE RECORDS,9339.0,943
MANAGER OF TELECOMMUNICATIONS,9361.0,944
ASST TO THE MAYOR,9370.2,945
LIEUTENANT-EMT,9400.762390670554,946
VETERINARIAN,9401.0,947
GEN SUPT OF WATER MANAGEMENT,9401.75,948
ASST CHIEF ADMINISTRATIVE OFFICER,9434.0,949
ASST CHIEF ENGINEER OF SEWERS,9434.0,950
SUPERVISING FIRE MARSHAL-EMT,9450.0,951
DEPUTY PROCUREMENT OFFICER,9461.166666666666,952
MANAGING DEPUTY CHIEF INFORMATION OFFICER,9470.0,953
ALDERMAN,9484.520408163266,954
DEPUTY PROCUREMENT OFFICER/CONTR COMPLIANCE,9490.0,955
DISTRICT SUPERINTENDENT OF WATER DISTRIBUTION,9505.0,956
FILTRATION ENGINEER V,9541.0,957
AUDITOR IV,9541.0,958
DEPUTY DIR,9547.766666666666,959
ASST CHIEF ENGINEER,9549.0,960
COORDINATING FIRE COMMUNICATIONS OPERATOR,9550.7,961
GENERAL FOREMAN OF LINEMEN,9550.7,962
COORDINATING ENGINEER II,9572.125,963
DEPUTY COMPTROLLER,9634.125,964
MANAGER OF AUDIT AND INTERNAL CONTROLS,9645.0,965
LIEUTENANT,9652.417159763314,966
SUPRVNG BUILDING/CONTRUCT INSPECTOR,9654.7,967
LIEUTENANT-PARAMEDIC,9676.892857142857,968
ASST TO THE DIR OF INTERGOVERNMENTAL AFFAIRS,9721.0,969
ELEVATOR INSPECTOR,9730.9,970
DEPUTY COMMISSIONER,9737.7125,971
ASST CHIEF HIGHWAY ENGINEER,9742.0,972
ASSOCIATE GENERAL COUNSEL,9742.0,973
AMBULANCE COMMANDER,9807.567901234568,974
DIR OF MARKETING,9840.0,975
POLICE LEGAL OFFICER II,9845.8,976
DEPUTY CHIEF ADMINISTRATIVE OFFICER,9864.375,977
CHIEF OPERATING ENGINEER,9867.9,978
OFFICE MANAGER WASHINGTON D.C.,9875.0,979
ENGINEER OF WATER PURIFICATION,9888.0,980
NURSE PRACTITIONER,9909.142857142857,981
ENGINEER OF WATER PUMPING,9938.0,982
DIR OF WORKERS COMPENSATION,9963.0,983
COORD OF INVESTIGATIONS,10000.0,984
DEPUTY INSPECTOR GENERAL,10035.5,985
CHIEF PLUMBING INSPECTOR,10129.2,986
TELEPHONE SYSTEMS ADMINISTRATOR,10164.0,987
DEPUTY CITY CLERK,10236.0,988
FAA FIRE TRAINING SPECIALIST,10329.0,989
MANAGING DEPUTY BUDGET DIRECTOR,10333.0,990
ASST CHIEF ELEVATOR INSPECTOR,10339.1,991
COORD OF HUMAN RELATIONS,10340.0,992
DIR OF SPECIAL EVENTS,10340.0,993
CHIEF ASST CORPORATION COUNSEL,10411.0,994
CHAIRPERSON - COMMISSION ON HUMAN RELATIONS,10417.0,995
LIEUTENANT-EMT (ASSIGNED AS TRAINING INSTRUCTOR),10530.166666666666,996
SUPT OF CONSTRUCTION AND MAINTENANCE,10547.0,997
DIRECTOR OF LIBRARY TECHNOLOGY,10583.0,998
DEPUTY CHIEF ADMINISTRATOR,10643.0,999
CAPTAIN,10686.287878787878,1000
FIRST DEPUTY CHIEF INFORMATION OFFICER,10692.0,1001
EQUIPMENT SERVICES COORD,10746.0,1002
ASST GENERAL COUNSEL,10758.0,1003
DIRECTOR OF LEGAL SERVICES,10758.0,1004
DEPUTY DIR OF ADMINISTRATIVE ADJUDICATION,10759.0,1005
SUPERVISING PHYSICIAN,10812.3,1006
DEPUTY PRESS SECRETARY,10833.5,1007
CAPTAIN-EMT,10839.19655172414,1008
MANAGING DEPUTY PROCUREMENT OFFICER,10865.0,1009
MANAGING DEPUTY DIR,10974.0,1010
EXECUTIVE DIR - BOARD OF ETHICS,10974.0,1011
MANAGING DEPUTY COMPTROLLER,10974.0,1012
ASST CHIEF LABOR NEGOTIATOR,11005.0,1013
CITY TREASURER,11128.8,1014
CITY CLERK,11128.8,1015
PARAMEDIC FIELD CHIEF,11159.851351351352,1016
CAPTAIN-PARAMEDIC,11216.0,1017
BATTALION CHIEF,11290.0,1018
MANAGING DEPUTY COMMISSIONER,11303.64705882353,1019
PHYSICIAN,11387.1,1020
1ST DEPUTY INSPECTOR GENERAL,11421.0,1021
FIRST DEPUTY COMMISSIONER,11421.5,1022
ADMINISTRATIVE DEPUTY,11423.0,1023
DEPUTY CORPORATION COUNSEL,11423.0,1024
COMMANDER-EMT,11520.166666666666,1025
EXECUTIVE DIR OF ANIMAL CARE AND CONTROL,11535.0,1026
COMM MAYORS OFF PEOPLE W DISABILITIES,11535.0,1027
FIRST DEPUTY PROCUREMENT OFFICER,11650.0,1028
ZONING ADMINISTRATOR,11650.0,1029
CITY PROSECUTOR,11661.0,1030
FIRST DEPUTY BUDGET DIR,11667.0,1031
COMMANDER-PARAMEDIC,11672.0,1032
DEPUTY CHIEF OF STAFF,11805.333333333334,1033
BATTALION CHIEF - EMT,11940.982352941175,1034
CHIEF HELICOPTER PILOT/EMT,11973.5,1035
CHIEF LABOR NEGOTIATOR,12003.0,1036
DIR OF 311 CITY SERVICES,12004.0,1037
FIRST DEPUTY DIR,12084.0,1038
DIR OF CAPS,12123.0,1039
BATTALION CHIEF-PARAMEDIC,12166.363636363636,1040
FIRST DEPUTY CHIEF ADMINISTRATOR,12245.0,1041
COORD OF COMMUNITY SERVICES-CFD,12260.0,1042
MEDICAL DIR,12265.9,1043
FIRST ASST CORPORATION COUNSEL,12430.0,1044
CHIEF ADMINISTRATIVE OFFICER,12459.5,1045
DIR OF HUMAN RESOURCES,12533.0,1046
COMMISSIONER OF HUMAN RESOURCES,12631.0,1047
GENERAL COUNSEL,12853.5,1048
EXECUTIVE DIR,12916.0,1049
CHIEF INFORMATION OFFICER,12916.0,1050
COMMISSIONER OF CULTURAL AFFAIRS/SPEC EVENTS,12920.0,1051
DEPUTY DISTRICT CHIEF,13030.0,1052
ASST DEPUTY CHIEF PARAMEDIC,13030.0,1053
DIR OF ADMINISTRATIVE HEARINGS,13035.0,1054
COMMISSIONER OF HOUSING & ECONOMIC DEV,13042.0,1055
COMMISSIONER OF BUILDINGS,13091.0,1056
COMMISSIONER OF FLEET & FACILITY MANAGEMENT,13091.0,1057
COMMISSIONER OF FAMILY AND SUPPORT SERVICES,13091.0,1058
COMMISSIONER OF STREETS AND SANITATION,13091.0,1059
COMMISSIONER OF BUS AFAIRS AND CONSUMER PROT,13091.0,1060
COORD OF FIRE AWARENESS,13148.0,1061
COORD OF SPECIAL EVENTS LIAISON,13148.0,1062
COORD OF AIR MASK SERVICES,13148.0,1063
DEPUTY CHIEF OF EMPLOYEE RELATIONS,13148.0,1064
COMMANDING FIRE MARSHAL,13148.0,1065
COMMANDER,13149.1,1066
DISTRICT CHIEF,13192.375,1067
FIRST DEPUTY CHIEF OF STAFF,13333.0,1068
CHIEF ADMINISTRATOR,13488.0,1069
INSPECTOR GENERAL,13488.0,1070
SUPERINTENDENT'S CHIEF OF STAFF,13501.0,1071
PRESS SECRETARY,13541.0,1072
CITY COMPTROLLER,13750.0,1073
COMMISSIONER OF CHICAGO PUBLIC LIBRARY,13917.0,1074
CHIEF PROCUREMENT OFFICER,13935.0,1075
EXEC DIR EMERG MGMT & COMM,13983.0,1076
DEPUTY CHIEF,14075.5,1077
DIR OF INTERGOVERNMENTAL AFFAIRS,14083.0,1078
COMMISSIONER OF TRANSPORTATION,14125.0,1079
COMMISSIONER OF WATER MGMT,14126.0,1080
CHIEF FINANCIAL OFFICER,14166.0,1081
BUDGET DIR,14166.0,1082
CORPORATION COUNSEL,14472.0,1083
PSYCHIATRIST,14560.0,1084
CHIEF OF STAFF,14583.0,1085
COMMISSIONER OF HEALTH,14750.0,1086
ASST DEPUTY FIRE COMMISSIONER,15446.0,1087
CHIEF,15570.5,1088
DEPUTY FIRE COMMISSIONER,15640.0,1089
FIRST DEPUTY SUPERINTENDENT,16478.0,1090
FIRST DEPUTY FIRE COMMISSIONER,16478.0,1091
FIRE COMMISSIONER,16894.0,1092
MAYOR,18017.5,1093
SUPERINTENDENT OF POLICE,21667.0,1094
